{
  "modes": [
    {
      "index": 0,
      "strictly local log-evidence": 744.3700568339555,
      "strictly local log-evidence error": 0.016069268068223008,
      "local log-evidence": 744.3700568339555,
      "local log-evidence error": 0.016069268068223008,
      "mean": [
        71.79081932142046,
        0.24582557527588902,
        0.2900758085066622,
        0.13512235527487887,
        2.4686480551461134
      ],
      "sigma": [
        0.2277084393441894,
        0.04453278111963665,
        0.10306877548490995,
        0.0037649240938003492,
        0.04857294923007279
      ],
      "maximum": [
        71.81780321930059,
        0.23644080644616372,
        0.3006213117045926,
        0.1350846583880108,
        2.4594493984948365
      ],
      "maximum a posterior": [
        71.81780321930059,
        0.23644080644616372,
        0.3006213117045926,
        0.1350846583880108,
        2.4594493984948365
      ]
    }
  ],
  "nested sampling global log-evidence": 744.8947351438247,
  "nested sampling global log-evidence error": 0.1912493799282676,
  "global evidence": 744.3700568339555,
  "global evidence error": 0.016069268068223008,
  "nested importance sampling global log-evidence": 744.3700568339555,
  "nested importance sampling global log-evidence error": 0.016069268068223008,
  "marginals": [
    {
      "median": 71.78982819868794,
      "sigma": 0.2263807229416983,
      "1sigma": [
        71.56587846731364,
        72.01863991319703
      ],
      "2sigma": [
        71.34375011438172,
        72.23524415121756
      ],
      "3sigma": [
        71.11901837938706,
        72.48999409638807
      ],
      "5sigma": [
        70.70073635931796,
        72.99998657684006
      ],
      "q75%": 71.93997858503644,
      "q25%": 71.6376363311945,
      "q99%": 72.31950640455257,
      "q01%": 71.2583175533679,
      "q90%": 72.0888872598535,
      "q10%": 71.50256444076258
    },
    {
      "median": 0.2439636265746009,
      "sigma": 0.04570921292230298,
      "1sigma": [
        0.19964328979203888,
        0.29106171563664485
      ],
      "2sigma": [
        0.16748690601911131,
        0.33710871416104443
      ],
      "3sigma": [
        0.1435763317390286,
        0.3902262948686654
      ],
      "5sigma": [
        0.110584816011911,
        0.478474981070353
      ],
      "q75%": 0.27688102386386776,
      "q25%": 0.2121604132854899,
      "q99%": 0.35450673592215887,
      "q01%": 0.1574261544970447,
      "q90%": 0.303936181955488,
      "q10%": 0.18918422554062972
    },
    {
      "median": 0.29499854620654725,
      "sigma": 0.10746253417006446,
      "1sigma": [
        0.1833226563673464,
        0.3982477247074753
      ],
      "2sigma": [
        0.08091641479126038,
        0.4718279597820716
      ],
      "3sigma": [
        -0.05016204879228047,
        0.497811887134496
      ],
      "5sigma": [
        -0.23095198960935484,
        0.4997117208327971
      ],
      "q75%": 0.3661476664886969,
      "q25%": 0.21730605253349802,
      "q99%": 0.48958886913366556,
      "q01%": 0.04346459492796233,
      "q90%": 0.4244669328745553,
      "q10%": 0.15340280275052248
    },
    {
      "median": 0.13510110735079706,
      "sigma": 0.003797277590490658,
      "1sigma": [
        0.1312341673959221,
        0.13882872257690343
      ],
      "2sigma": [
        0.12788245307097323,
        0.14264691101000543
      ],
      "3sigma": [
        0.12397832268184103,
        0.1467629835512285
      ],
      "5sigma": [
        0.1163370047067114,
        0.15407005281957653
      ],
      "q75%": 0.13770567491177566,
      "q25%": 0.13250462375722596,
      "q99%": 0.1436746948329948,
      "q01%": 0.1265761522662283,
      "q90%": 0.13991735925720966,
      "q10%": 0.13024413469517843
    },
    {
      "median": 2.4685449956742334,
      "sigma": 0.04701269206057601,
      "1sigma": [
        2.4213704492037467,
        2.5153958333248987
      ],
      "2sigma": [
        2.369994550928452,
        2.564686778883622
      ],
      "3sigma": [
        2.327133248910589,
        2.6152823683493476
      ],
      "5sigma": [
        2.22997909282025,
        2.7091433132597915
      ],
      "q75%": 2.5009875132527473,
      "q25%": 2.4374637709541416,
      "q99%": 2.5854561686083675,
      "q01%": 2.3554846558567077,
      "q90%": 2.529947088066073,
      "q10%": 2.4056220886398596
    }
  ]
}