{
  "Flat LCDM": 742.1943902377749,
  "Curved LCDM": 744.3700568339555,
  "Flat wCDM": 743.9976008661802,
  "Flat w0waCDM": 744.3252824933993
}