{
  "modes": [
    {
      "index": 0,
      "strictly local log-evidence": 744.3252824933993,
      "strictly local log-evidence error": 0.031121501330789902,
      "local log-evidence": 744.3252824933993,
      "local log-evidence error": 0.031121501330789902,
      "mean": [
        71.55325629305595,
        0.32734468238469105,
        -0.6986453777610399,
        -1.604510983038093,
        0.13473830874795964,
        2.4713915523685563
      ],
      "sigma": [
        0.2688601521018689,
        0.0671196395055896,
        0.08951012954373141,
        0.8611525316756947,
        0.0036824320029575385,
        0.04930389977455928
      ],
      "maximum": [
        71.56332222628477,
        0.35455704544387884,
        -0.7034298040937963,
        -2.017082108099723,
        0.13629392587152644,
        2.481122939483143
      ],
      "maximum a posterior": [
        71.56332222628477,
        0.35455704544387884,
        -0.7034298040937963,
        -2.017082108099723,
        0.13629392587152644,
        2.481122939483143
      ]
    }
  ],
  "nested sampling global log-evidence": 745.2436078272235,
  "nested sampling global log-evidence error": 0.19886049823259824,
  "global evidence": 744.3252824933993,
  "global evidence error": 0.031121501330789902,
  "nested importance sampling global log-evidence": 744.3252824933993,
  "nested importance sampling global log-evidence error": 0.031121501330789902,
  "marginals": [
    {
      "median": 71.55157001562472,
      "sigma": 0.27162594783861493,
      "1sigma": [
        71.28114665115906,
        71.82439854683629
      ],
      "2sigma": [
        71.0242319981566,
        72.06116477889574
      ],
      "3sigma": [
        70.76072283854212,
        72.3499848668338
      ],
      "5sigma": [
        70.27094973354653,
        72.89827969244892
      ],
      "q75%": 71.74130703875562,
      "q25%": 71.36682871661667,
      "q99%": 72.16549031851214,
      "q01%": 70.93981621315984,
      "q90%": 71.891695983943,
      "q10%": 71.20478051036599
    },
    {
      "median": 0.34039388163628864,
      "sigma": 0.059939882876574785,
      "1sigma": [
        0.2679819550023595,
        0.38786172075550907
      ],
      "2sigma": [
        0.14911851785718946,
        0.42263866522309174
      ],
      "3sigma": [
        0.05671450394560063,
        0.45316073937091544
      ],
      "5sigma": [
        0.051669144483104286,
        0.5144356428317244
      ],
      "q75%": 0.37372858903247014,
      "q25%": 0.295269176418666,
      "q99%": 0.4367268584134039,
      "q01%": 0.09968950113720405,
      "q90%": 0.3972931813330505,
      "q10%": 0.2372701099862755
    },
    {
      "median": -0.6933053295339121,
      "sigma": 0.09004932810817584,
      "1sigma": [
        -0.7901870686807122,
        -0.6100884124643605
      ],
      "2sigma": [
        -0.8813162959418187,
        -0.5365245665395746
      ],
      "3sigma": [
        -1.0031456169841453,
        -0.45947762202555753
      ],
      "5sigma": [
        -1.3296251671419665,
        -0.3591246038897047
      ],
      "q75%": -0.6363204852783136,
      "q25%": -0.7577573416220115,
      "q99%": -0.5116422626467136,
      "q01%": -0.9253756835081535,
      "q90%": -0.5881352590435122,
      "q10%": -0.8172994571863466
    },
    {
      "median": -1.6912904674980145,
      "sigma": 0.947600491840177,
      "1sigma": [
        -2.5424304895641017,
        -0.6472295058837476
      ],
      "2sigma": [
        -2.9211365304331185,
        0.13925396509558602
      ],
      "3sigma": [
        -2.9950673164272783,
        0.6051387630167588
      ],
      "5sigma": [
        -2.999782897850143,
        1.3316420201315482
      ],
      "q75%": -0.9756705166421961,
      "q25%": -2.326992075870723,
      "q99%": 0.33549869028475543,
      "q01%": -2.9632107487289523,
      "q90%": -0.3734492538573299,
      "q10%": -2.7040955545076164
    },
    {
      "median": 0.13486372650484177,
      "sigma": 0.0036848142018876123,
      "1sigma": [
        0.13108221437053771,
        0.13845184277431294
      ],
      "2sigma": [
        0.1276542872055725,
        0.14190987087941176
      ],
      "3sigma": [
        0.12393110750090527,
        0.14530565286001684
      ],
      "5sigma": [
        0.11737178241534552,
        0.1538802319099368
      ],
      "q75%": 0.13733042709360882,
      "q25%": 0.13215903120844288,
      "q99%": 0.1433271834168389,
      "q01%": 0.12608952189763423,
      "q90%": 0.13938859110947124,
      "q10%": 0.13006213974197736
    },
    {
      "median": 2.4723220292874846,
      "sigma": 0.05045141921187413,
      "1sigma": [
        2.4216214330619144,
        2.5225242714856626
      ],
      "2sigma": [
        2.3739935694462884,
        2.5676592391230906
      ],
      "3sigma": [
        2.325400280823591,
        2.616205679805774
      ],
      "5sigma": [
        2.223575369437064,
        2.7269427763730953
      ],
      "q75%": 2.503841536027306,
      "q25%": 2.4376426138538823,
      "q99%": 2.587304984187128,
      "q01%": 2.3547875913023866,
      "q90%": 2.5343908037338956,
      "q10%": 2.407603550923762
    }
  ]
}