{
  "modes": [
    {
      "index": 0,
      "strictly local log-evidence": 743.9976008661802,
      "strictly local log-evidence error": 0.01572916284871674,
      "local log-evidence": 743.9976008661802,
      "local log-evidence error": 0.01572916284871674,
      "mean": [
        71.76272146730088,
        0.19236453957551264,
        -0.689597574767408,
        0.13517955690122982,
        2.4679632947415673
      ],
      "sigma": [
        0.22019660049472825,
        0.06753054783115038,
        0.08948412217302408,
        0.0036939844508255062,
        0.049700913620963745
      ],
      "maximum": [
        71.7360508396263,
        0.17412154985090025,
        -0.6586794839485073,
        0.13364295692853087,
        2.4634294998670487
      ],
      "maximum a posterior": [
        71.7360508396263,
        0.17412154985090025,
        -0.6586794839485073,
        0.13364295692853087,
        2.4634294998670487
      ]
    }
  ],
  "nested sampling global log-evidence": 744.668257784083,
  "nested sampling global log-evidence error": 0.19661868653924627,
  "global evidence": 743.9976008661802,
  "global evidence error": 0.01572916284871674,
  "nested importance sampling global log-evidence": 743.9976008661802,
  "nested importance sampling global log-evidence error": 0.01572916284871674,
  "marginals": [
    {
      "median": 71.75591455120916,
      "sigma": 0.2193732999945368,
      "1sigma": [
        71.54305484527369,
        71.98180144526276
      ],
      "2sigma": [
        71.35136475531229,
        72.20952007588684
      ],
      "3sigma": [
        71.12557721511915,
        72.47139360297854
      ],
      "5sigma": [
        70.78980407279002,
        72.94167996314768
      ],
      "q75%": 71.90812580333413,
      "q25%": 71.61202828378516,
      "q99%": 72.29411905844772,
      "q01%": 71.28388070557469,
      "q90%": 72.05515130138916,
      "q10%": 71.48483336223049
    },
    {
      "median": 0.1931393964595549,
      "sigma": 0.07116668607638878,
      "1sigma": [
        0.12042578435159004,
        0.2627591565043676
      ],
      "2sigma": [
        0.06582839205964283,
        0.321818957256261
      ],
      "3sigma": [
        0.05113119599140046,
        0.3798533012154297
      ],
      "5sigma": [
        0.05011610128044375,
        0.46755641801870346
      ],
      "q75%": 0.24076582111864242,
      "q25%": 0.14143718184224557,
      "q99%": 0.34239640545397876,
      "q01%": 0.0562331200403656,
      "q90%": 0.28131467182301745,
      "q10%": 0.10126211291069767
    },
    {
      "median": -0.6825601435736018,
      "sigma": 0.09126249654846647,
      "1sigma": [
        -0.7822144049761346,
        -0.5996894118792017
      ],
      "2sigma": [
        -0.8834421812217788,
        -0.5475676026332775
      ],
      "3sigma": [
        -1.0339386726156323,
        -0.5189546050295777
      ],
      "5sigma": [
        -1.3774076642798097,
        -0.5007030684804221
      ],
      "q75%": -0.6194995926538364,
      "q25%": -0.7470337890298273,
      "q99%": -0.5363477426059917,
      "q01%": -0.9387253473314905,
      "q90%": -0.5804171786102317,
      "q10%": -0.8096077505566862
    },
    {
      "median": 0.13507287662874382,
      "sigma": 0.003672650834935162,
      "1sigma": [
        0.131577851093671,
        0.13892315276354134
      ],
      "2sigma": [
        0.12780933869961175,
        0.14282148820812074
      ],
      "3sigma": [
        0.12390069846948613,
        0.1466919559442208
      ],
      "5sigma": [
        0.11693739851672637,
        0.1533035515583915
      ],
      "q75%": 0.13763718445679843,
      "q25%": 0.13270942845397882,
      "q99%": 0.1437639012122252,
      "q01%": 0.1262964603368493,
      "q90%": 0.1397982547180965,
      "q10%": 0.13061303065389349
    },
    {
      "median": 2.4679720377294605,
      "sigma": 0.05001886989617077,
      "1sigma": [
        2.41749541690116,
        2.5175331566935015
      ],
      "2sigma": [
        2.3697961145082167,
        2.563656593672923
      ],
      "3sigma": [
        2.3212789737741963,
        2.6119211234194593
      ],
      "5sigma": [
        2.2257335700603424,
        2.708130500641531
      ],
      "q75%": 2.501605980372489,
      "q25%": 2.4333003843440064,
      "q99%": 2.582816356025414,
      "q01%": 2.3518577876774307,
      "q90%": 2.533112020206371,
      "q10%": 2.4062401873884656
    }
  ]
}