{
  "modes": [
    {
      "index": 0,
      "strictly local log-evidence": 742.1943902377749,
      "strictly local log-evidence error": 0.018875899858068437,
      "local log-evidence": 742.1943902377749,
      "local log-evidence error": 0.018875899858068437,
      "mean": [
        72.12352240162384,
        0.3646647959141842,
        0.13606581796483455,
        2.4736219688155283
      ],
      "sigma": [
        0.19987990063244973,
        0.013885468379723123,
        0.003833126984462228,
        0.048980363215060246
      ],
      "maximum": [
        72.10150489005075,
        0.3663002817613438,
        0.13619124156034107,
        2.4716615653567353
      ],
      "maximum a posterior": [
        72.10150489005075,
        0.3663002817613438,
        0.13619124156034107,
        2.4716615653567353
      ]
    }
  ],
  "nested sampling global log-evidence": 742.2668271378492,
  "nested sampling global log-evidence error": 0.1878923668494346,
  "global evidence": 742.1943902377749,
  "global evidence error": 0.018875899858068437,
  "nested importance sampling global log-evidence": 742.1943902377749,
  "nested importance sampling global log-evidence error": 0.018875899858068437,
  "marginals": [
    {
      "median": 72.12498666376382,
      "sigma": 0.197922832562611,
      "1sigma": [
        71.92475114062125,
        72.32059680574648
      ],
      "2sigma": [
        71.72365224854221,
        72.5126862919034
      ],
      "3sigma": [
        71.51740357036041,
        72.73257508701947
      ],
      "5sigma": [
        71.18352878675748,
        73.09018430993159
      ],
      "q75%": 72.25993462119597,
      "q25%": 71.98895095913733,
      "q99%": 72.57359799353604,
      "q01%": 71.65641133650631,
      "q90%": 72.37288254824918,
      "q10%": 71.86367803265709
    },
    {
      "median": 0.3647626720391855,
      "sigma": 0.013929767184631098,
      "1sigma": [
        0.350576559110159,
        0.3784360934794212
      ],
      "2sigma": [
        0.33814802899431706,
        0.39252322461738737
      ],
      "3sigma": [
        0.3242859301102956,
        0.4080323754505704
      ],
      "5sigma": [
        0.3006931723623755,
        0.43483923204317676
      ],
      "q75%": 0.37394212736753274,
      "q25%": 0.35502822749845403,
      "q99%": 0.3976357070094395,
      "q01%": 0.3338141327597529,
      "q90%": 0.38281212100368933,
      "q10%": 0.3471709129818423
    },
    {
      "median": 0.1359982403148299,
      "sigma": 0.0037822940087518936,
      "1sigma": [
        0.13236846504975325,
        0.13993305306725703
      ],
      "2sigma": [
        0.12872401597908745,
        0.14354516062658335
      ],
      "3sigma": [
        0.12468519445904094,
        0.14735424706663472
      ],
      "5sigma": [
        0.11697047862440661,
        0.15484017354562987
      ],
      "q75%": 0.13858699903449131,
      "q25%": 0.13338557056343733,
      "q99%": 0.14485606664483588,
      "q01%": 0.12710915638334389,
      "q90%": 0.14117230014309073,
      "q10%": 0.1313054073661797
    },
    {
      "median": 2.474385631992147,
      "sigma": 0.05003039175578827,
      "1sigma": [
        2.421758907093452,
        2.5218196906050285
      ],
      "2sigma": [
        2.3789119670529164,
        2.568028247252347
      ],
      "3sigma": [
        2.3323106871196333,
        2.6184557336504772
      ],
      "5sigma": [
        2.2436462165451796,
        2.7011990129777517
      ],
      "q75%": 2.5071590432753976,
      "q25%": 2.440231797737954,
      "q99%": 2.5881980799355087,
      "q01%": 2.3605878826605666,
      "q90%": 2.5361788162795174,
      "q10%": 2.409567593709903
    }
  ]
}